"name_en","imgHref"
"Cockle With Spicy Herbs Salad","https://food-cms.grab.com/compressed_webp/items/THITE2024022814003356368/photo/menueditor_item_aa316273b4a84b2c904803efeaa6bbc8_1709128812077295787.webp"
"Scallop Creamy Omelette On Rice","https://food-cms.grab.com/compressed_webp/items/THITE2024022813595482070/photo/menueditor_item_484b4d4f684b4e43a5f4982e030a9f84_1709128724230148024.webp"
"Fried Hokkien Stewed Rice With Scallops","https://food-cms.grab.com/compressed_webp/items/THITE2024022813575257471/photo/menueditor_item_d15cd205cf7348d4833b47779927c988_1709128639474067612.webp"
"Butterfly Pea Milk Tea","https://food-cms.grab.com/compressed_webp/items/THITE2023101116263503493/photo/menueditor_item_a2bf4af0a8584cb3aaf30ef681bd43cf_1697041565036359046.webp"
"Vegetarian Thai Milk Tea","https://food-cms.grab.com/compressed_webp/items/THITE2023101116255007011/photo/menueditor_item_b7664919da7240a59df76290f56beb85_1697041536438280916.webp"
"Vegetarian Taiwan Milk Tea","https://food-cms.grab.com/compressed_webp/items/THITE2023101116251591943/photo/menueditor_item_70ff5d531c8b4f6eaf79276acda1cdd1_1697041395375911975.webp"
"Mango And Sticky Rice","https://food-cms.grab.com/compressed_webp/items/THITE2023101116225349161/photo/menueditor_item_a61d91318dd24f019e91bf5614911afa_1697041359184124431.webp"
"Vegetarian Stir Fried Spicy Fish Balls With Herbs","https://food-cms.grab.com/compressed_webp/items/THITE2023101116221100487/photo/menueditor_item_b56080889dd048a5907954d25f39ff80_1697041299822534819.webp"
"Vegetarian Crab Fried Rice","https://food-cms.grab.com/compressed_webp/items/THITE2023101116212594106/photo/menueditor_item_11178f3505ce4121b681bfe1abc3941d_1697041267104811505.webp"
"Vegetarian Green Curry With Fish Balls","https://food-cms.grab.com/compressed_webp/items/THITE2023101116204264553/photo/menueditor_item_1bcd7de879d245cfac6a47b30a03e191_1697041203584662665.webp"
"Vegetarian Stir Fried Noodles With Meat And Soy Sauce","https://food-cms.grab.com/compressed_webp/items/THITE2023101116193489629/photo/menueditor_item_087513783bcc48f384c405bfc93b6e29_1697041152644119747.webp"
"Vegetarian Stir Fried Noodles With Meat In Gravy Sauce","https://food-cms.grab.com/compressed_webp/items/THITE2023101116185128081/photo/menueditor_item_4af6c3a3211f425cbdb0a2d36d750c26_1697041118631917142.webp"
"Vegetarian Fried Rice ( Chinese Kale, Crispy Pork, Black Soy Sauce)","https://food-cms.grab.com/compressed_webp/items/THITE2023101116175701432/photo/menueditor_item_a4ffb90ba80c418fa445e6e2f6c75c19_1697041069929518601.webp"
"Vegetarian Stir Fried Sticky Rice With Pork Belly And Dried Chili","https://food-cms.grab.com/compressed_webp/items/THITE2023101116170209518/photo/menueditor_item_18ed4d128638441fa2deabee7552f726_1697041014479458773.webp"
"Stir Fried Bamboo Shoot With Minced Pork (Vegetarian)","https://food-cms.grab.com/compressed_webp/items/THITE2023101116160735722/photo/menueditor_item_ce10e09728a24bdf80b2b661ed30c7a2_1697040957973161785.webp"
"Pork (Vegetarian) Stirfried Black Olives","https://food-cms.grab.com/compressed_webp/items/THITE2023101116151031101/photo/menueditor_item_e2d651ee89b6411bb85039892b30a15d_1697040903445268521.webp"
"Vegetarian Spicy Mama Instant Noodles Salad","https://food-cms.grab.com/compressed_webp/items/THITE2023101116142259122/photo/menueditor_item_78aeda937e214f9fb5024df3207a4f8f_1697040847603356286.webp"
"Vegetarian Spicy Fried Pork Salad","https://food-cms.grab.com/compressed_webp/items/THITE2023101116130321473/photo/menueditor_item_25ec6745ffd94991a40507390743aa43_1697040775662344690.webp"
"Vegetarian Fried Pork Belly With Salt","https://food-cms.grab.com/compressed_webp/items/THITE2023101116120138270/photo/menueditor_item_d58ee95de7ab4a8c979416e12725dfac_1697040708638553465.webp"
"Clear Soup With Leng Tofu And Minced Pork (Vegan)","https://food-cms.grab.com/compressed_webp/items/THITE2023101116112078977/photo/menueditor_item_22908635bda640f18f1113ea40467a72_1697040656879292184.webp"
"Boiled Coconut Milk With Mixed Mushroom Cube Pork (Vegetarian)","https://food-cms.grab.com/compressed_webp/items/THITE2023101116101942368/photo/menueditor_item_3d167005df1a48d38e047182ecc1fca4_1697040610545463340.webp"
"Tom Yum Mixed Mushrooms Soup","https://food-cms.grab.com/compressed_webp/items/THITE2023101116083819976/photo/menueditor_item_2db07fef3b414ed3ba1ec9f50fb97d64_1697040566268801394.webp"
"Stirfried Baby Cabbage With Crispy Pork (Vegetarian)","https://food-cms.grab.com/compressed_webp/items/THITE2023101116074190566/photo/menueditor_item_996c8484fc824218a47b09035160c842_1697040455930465770.webp"
"Stirfried Spinach With Pork (Vegetarian)","https://food-cms.grab.com/compressed_webp/items/THITE2023101116065469733/photo/menueditor_item_d997ecace05f4f4687337a804b4d869e_1697040400126471586.webp"
"Vegetarian Stir Fried Morning Glory","https://food-cms.grab.com/compressed_webp/items/THITE2023101116061656523/photo/menueditor_item_7de771da0f8e4187a843d1aa94ad2c0d_1697040366678878019.webp"
"Stir Fried Holy Basil With Pork (Vegetarian)","https://food-cms.grab.com/compressed_webp/items/THITE2023101116054044474/photo/menueditor_item_f5ae79c3b38f43c181c3f70f43b10246_1697040322987253159.webp"
"Vegetarian Stir Fried Mixed Vegetables","https://food-cms.grab.com/compressed_webp/items/THITE2023101116044489316/photo/menueditor_item_85ee9f45409f47c2a73cb90c3534a342_1697040270233786470.webp"
"Fried Tofu","https://food-cms.grab.com/compressed_webp/items/THITE2023101115594788517/photo/menueditor_item_7e3f02a62d85458cb0826debfe03757f_1697039973961554890.webp"
"Vegetarian Fried Mixed Mushrooms","https://food-cms.grab.com/compressed_webp/items/THITE2023101115590296754/photo/menueditor_item_99ba072025454818a5766bbee78d5697_1697039924727955487.webp"
"Spicy Fried Morning Glory Salad With Minced Pork (Vegetarian)","https://food-cms.grab.com/compressed_webp/items/THITE2023101115580478508/photo/menueditor_item_c297cdb2d000406caf9f80f4877ec422_1697039867540270168.webp"
"Vegetarian Fried Tofu And Spinach Salad","https://food-cms.grab.com/compressed_webp/items/THITE2023101115565753216/photo/menueditor_item_aff7d6812afa414ba9a7695f17cb0611_1697039736920951617.webp"
"Creamy Omelette With Fried Chicken On Rice","https://food-cms.grab.com/compressed_webp/items/THITE2023060814583957289/photo/menueditor_item_c473efedc06d4aaca4af7df934f5de26_1686236295540327542.webp"
"Egg Fried Chicken With Longan Sauce On Rice Enoch Teoof Fatt Chicken","https://food-cms.grab.com/compressed_webp/items/THITE2023060814575069941/photo/menueditor_item_4081029bb37846f49718c1246ab2c9cc_1686236240374183367.webp"
"Hawaiian Creamy Omelette With Rice","https://food-cms.grab.com/compressed_webp/items/THITE2023060814570525046/photo/menueditor_item_f790767db10a41ef9c7c895e8b5c7dd9_1686236213808081642.webp"
"Creamy Omelette With Clams And Roasted Chili Paste On Rice","https://food-cms.grab.com/compressed_webp/items/THITE2023060814452244830/photo/menueditor_item_10e55272c5b74107b0d05eeccbb490d1_1686235497066371022.webp"
"Creamy Omelette With Chinese Kale And Salted Fish On Rice","https://food-cms.grab.com/compressed_webp/items/THITE2023060814443559856/photo/menueditor_item_34e9756082274c6b8a17aabe74b506af_1686235455038695111.webp"
"Orange Passion Iced Coffee","https://food-cms.grab.com/compressed_webp/items/THITE2023060716225249951/photo/menueditor_item_a7e4107716024e8c905e55cd22fa173e_1686154935362283565.webp"
"Bangkok Iced Latte","https://food-cms.grab.com/compressed_webp/items/THITE2023060716220010250/photo/menueditor_item_4b5c49f45aeb404282934b7e9bae47ca_1686154889228634973.webp"
"Miloca","https://food-cms.grab.com/compressed_webp/items/THITE2023060716205030620/photo/menueditor_item_cd2a5f299025410f915e88fa10aa44dc_1686154821823437654.webp"
"Pandan Iced Latte","https://food-cms.grab.com/compressed_webp/items/THITE2023060716200888187/photo/menueditor_item_14fd958d6c60470baa27f79377345a60_1686154750614170222.webp"
"Hot Pan Tofu, Secretly Sorgh Recipe","https://food-cms.grab.com/compressed_webp/items/THITE2023082803131279062/photo/menueditor_item_7aadd5d401d44c77b414be1e433f2b85_1693192382656245569.webp"
"Hot Pan Rib Eye Beef","https://food-cms.grab.com/compressed_webp/items/THITE2023082802465311838/photo/menueditor_item_6cb3589ab1084eeabfee292c3d8d4fc1_1693190790724274992.webp"
"Crab Meat With Singapore Sauce","https://food-cms.grab.com/compressed_webp/items/THITE2023082802460995140/photo/menueditor_item_dc562353696f480f86b80ec139cdf767_1693190734934565455.webp"
"Fried Szechuan Wontons With Mala Sauce","https://food-cms.grab.com/compressed_webp/items/THITE2022120116354289938/photo/menueditor_item_57f8f69d42e244759d4526c1dd1458b3_1669912497223698696.webp"
"Szechuan Wontons With Mala Sauce","https://food-cms.grab.com/compressed_webp/items/THITE2022120116343419222/photo/menueditor_item_bc4bf8cd1bdb470ca597751af3ec618b_1669912428829358226.webp"
"Boiled Chicken With Mala Sauce","https://food-cms.grab.com/compressed_webp/items/THITE2022120116322192302/photo/menueditor_item_57b17670519443ccaee6bcf0fa96e8d5_1669912239404937546.webp"
"Barley Rice Juice","https://food-cms.grab.com/compressed_webp/items/THITE2022101403562481465/photo/menueditor_item_ac3d4a99ad41404cbbae21971848eb9d_1665719748858243234.webp"
"Organic Soy Milk With Grass Jelly","https://food-cms.grab.com/compressed_webp/items/THITE2022101403553009626/photo/menueditor_item_f3278067686e482ebd38ba4f0829c435_1665719690061572065.webp"
"Onsen Eggs","https://food-cms.grab.com/compressed_webp/items/THITE2022101403522073197/photo/menueditor_item_e115ac1e356a49099f2e3fa77d6eaf2f_1665719515827838011.webp"
"Sofe Boiled Egg","https://food-cms.grab.com/compressed_webp/items/THITE2022101403514403757/photo/menueditor_item_28c02c75fcde4329a4b4c6c492319ef2_1665719441810850562.webp"
"Egg Noodles","https://food-cms.grab.com/compressed_webp/items/THITE2022101403500620312/photo/menueditor_item_561ffe2e381142c8903e58a2b7056d4e_1665719392232077184.webp"
"Pickled Eggs With Soy Sauce","https://food-cms.grab.com/compressed_webp/items/THITE2022101403461688231/photo/menueditor_item_a277b3fb899d47b5b555e1d3ac60d182_1665719160495886349.webp"
"Plain Rice","https://food-cms.grab.com/compressed_webp/items/THITE2022101403413099204/photo/menueditor_item_33ca8d4259d542469b8f1daa93bf8827_1665718862956610830.webp"
"Oily Rice","https://food-cms.grab.com/compressed_webp/items/THITE2022101403404429018/photo/menueditor_item_1d83bc7f5d9f4996909c562ea5de2e5f_1665718825270207725.webp"
"Bak Kut Teh","https://food-cms.grab.com/compressed_webp/items/THITE2022101403365205891/photo/menueditor_item_7c4fb14b808c421b991e60c85372b5f2_1665718587689700800.webp"
"Plum Soup With Minced Shrimp And Minced Pork","https://food-cms.grab.com/compressed_webp/items/THITE2022101403360392212/photo/menueditor_item_2186d45be9c043999c30daca0adebff1_1665718532028625216.webp"
"Steamed Spinach Tofu With Mushroom Sauce","https://food-cms.grab.com/compressed_webp/items/THITE2022101403334458305/photo/menueditor_item_59ca5a4f6dbf4d909d71b9bdd43ba730_1665718402582631969.webp"
"Crispy Fried Eggplant With Shredded Pork","https://food-cms.grab.com/compressed_webp/items/THITE2022101403315205486/photo/menueditor_item_edffdf94a7864bd7bcb6564c6bb0720a_1665718255596664242.webp"
"Lettuce Snacks","https://food-cms.grab.com/compressed_webp/items/THITE2022101403302143371/photo/menueditor_item_a3daf1c8b38945fe93ed3134c9f7bbbb_1665718193794512522.webp"
"Snow Taro","https://food-cms.grab.com/compressed_webp/items/THITE2022101403254257425/photo/menueditor_item_badb322cd6454e53ba5c962c0c018b6b_1665717890273636202.webp"
"Fried Tofu Skins With Pork And Shrimp (Hong Heng)","https://food-cms.grab.com/compressed_webp/items/THITE2022101403220820931/photo/menueditor_item_83157032867b44549894093021758c42_1665717701674455952.webp"
"Stir Fried Noodles With Chicken In Gravy Sauce","https://food-cms.grab.com/compressed_webp/items/THITE2022101403200860061/photo/menueditor_item_25ecd53f66db4a2ab1ede6a1d4959df9_1665717541902460205.webp"
"Fried Pork With Butterfly Pea Sauce","https://food-cms.grab.com/compressed_webp/items/THITE2022101313442177624/photo/menueditor_item_92d86abdec0e4f6095a0ca102102259b_1665668627551969867.webp"
"Fried Pork Noodle With Rambutan Sauce","https://food-cms.grab.com/compressed_webp/items/THITE2022101313425891349/photo/menueditor_item_624fd565cd1c43f38f214e77341a612a_1665668477550705731.webp"
"Fried Pork With Butterfly Pea Sauce On Rice","https://food-cms.grab.com/compressed_webp/items/THITE2022101313351157750/photo/menueditor_item_89a754303797415fa9a1a03d49763e19_1665668075023289004.webp"
"Boiled Chicken With Soy Sauce (Medium)","https://food-cms.grab.com/compressed_webp/items/THITE2022101313341108303/photo/menueditor_item_cdd8b069246d447d912bb5a24cdd5879_1665668029479629440.webp"
"Soy Sauce Boiled Chicken On Rice","https://food-cms.grab.com/compressed_webp/items/THITE2022101313325156145/photo/menueditor_item_028ff0f233a04c45be707a6e7808d234_1665667943782594160.webp"
"Egg Noodles With Chicken And Soy Sauce","https://food-cms.grab.com/compressed_webp/items/THITE2022101313313515213/photo/menueditor_item_76dfed46e41c484fb776fca1641148e4_1665667861965105035.webp"
"Hainanese Fried Chicken Rice Porridge","https://food-cms.grab.com/compressed_webp/items/THITE2022101313264645764/photo/menueditor_item_cbb442c3086c4835bcd29f4535a306e0_1665667582512620404.webp"
"Hainanese Chicken Congee With Sauce","https://food-cms.grab.com/compressed_webp/items/THITE2022101313261200414/photo/menueditor_item_6f3652d8abe9431ea37685e1f3594d73_1665667519283581576.webp"
"2 Kinds Of Chickens (Large)","https://food-cms.grab.com/compressed_webp/items/THITE2022050109580542451/photo/menueditor_item_9b1b1fbfc46b47fb95c0b13076f88685_1651399022171316094.webp"
"Fried Chicken (Large)","https://food-cms.grab.com/compressed_webp/items/THITE2022050109562599893/photo/menueditor_item_8d71fbfa2a374504b156d97684df5482_1651398945253118116.webp"
"Boiled Chicken With Hunan Sauce (Large)","https://food-cms.grab.com/compressed_webp/items/THITE2022050109552785977/photo/menueditor_item_3fcdb37bf1e445c3b9346be523921d90_1651398863301228164.webp"
"Fried Chicken (Medium)","https://food-cms.grab.com/compressed_webp/items/THITE2022050109534075828/photo/menueditor_item_055cf0f9ffc34c87b50d0bd592ac346d_1651398780419190098.webp"
"Boiled Chicken With Longan Sauce (Medium)","https://food-cms.grab.com/compressed_webp/items/THITE2022050109520817772/photo/menueditor_item_a938a3d6675445308da457b148f3d43d_1651398673615258262.webp"
"Fried Chicken On Rice (S)","https://food-cms.grab.com/compressed_webp/items/THITE2022050109485187796/photo/menueditor_item_8a31acb3a5714a36b078ad4fb1f112a0_1651398487067904154.webp"
"Oily Steamed Rice With Chicken (Small)","https://food-cms.grab.com/compressed_webp/items/THITE2022050109474777427/photo/menueditor_item_cbe7421a2c3a4c139d436d93fa155892_1651398382395102451.webp"
"Secret Recipe Sauce Only Fatt Chicken","https://food-cms.grab.com/compressed_webp/items/THITE2023061015594233268/photo/menueditor_item_68fc31f0ecf24d97aa60c17b1b20ab64_1686412726174033533.webp"
"Steamed Rice Baked In Clay Pot Nana Style","https://food-cms.grab.com/compressed_webp/items/THITE2023050214364135822/photo/menueditor_item_17066e56d84148cebcf12e4543bf7f93_1683038186225021796.webp"
"Sichuan Wontons In Dried Scallop Soup","https://food-cms.grab.com/compressed_webp/items/THITE2022120116332799621/photo/menueditor_item_b3530b06276c4daa8265288f323eda35_1669912364571309434.webp"
"Lod Chong Singapore","https://food-cms.grab.com/compressed_webp/items/THITE2022101403533931761/photo/menueditor_item_95fbe70743e143cabc01d54cdd2df158_1665719580267196360.webp"
"Kale With Oyster Sauce","https://food-cms.grab.com/compressed_webp/items/THITE2022101403374719938/photo/menueditor_item_93e7b067676243e78ca243c761329b7c_1665718640340929252.webp"
"Braised Pork Belly With Pickled Cabbage (Khao Jade)","https://food-cms.grab.com/compressed_webp/items/THITE2022101403325491498/photo/menueditor_item_eef9c41adc9e4807b230fd1880418c03_1665718351160264413.webp"
"Fried Chicken Wings With Shrimp Paste (6 Pieces)","https://food-cms.grab.com/compressed_webp/items/THITE2022101403232167092/photo/menueditor_item_6fd9e25360504919951dbdd44a6218e0_1665717753804970329.webp"
"Bak Kut Teh","https://food-cms.grab.com/compressed_webp/items/THITE2022050113442361888/photo/menueditor_item_45ac8d21be6c45579c7de8a2d5df5de2_1651412602263625902.webp"
"Steamed Egg With Grilled Chicken With Hunan Chicken Sauce On Rice","https://food-cms.grab.com/compressed_webp/items/THITE2021071701270883233/photo/menueditor_item_c8dbb6bec5e9499488a4bb547489a75c_1626485154556355475.webp"
"Egg Fried Chicken With Hainanese Sauce On Rice","https://food-cms.grab.com/compressed_webp/items/THITE2021071701240132234/photo/menueditor_item_55173bc9857b40edaec2f56308db27d4_1626484926627013575.webp"
"Fried Sticky Rice With Roasted Egg And Spicy Jaew Bong Grilled Pork Neck","https://food-cms.grab.com/compressed_webp/items/THITE2022072615211169331/photo/menueditor_item_8b160af13d344f6caf1de775ff268507_1658848858006509434.webp"
"Complete Pork Creamy Omelette On Rice","https://food-cms.grab.com/compressed_webp/items/THITE2021100809000705795/photo/menueditor_item_5ccce205c629469ca819d4c045406756_1633683574680226069.webp"
"Fried Pork Belly With Fish Sauce","https://food-cms.grab.com/compressed_webp/items/3-CZDFBA3CFAMUHA-CZDFBA3CLFKCE6/photo/392a48e2864444a48f39dbfa66d439e4_1588676787075630664.webp"
"Fried Chicken Joints","https://food-cms.grab.com/compressed_webp/items/THITE2021100807230224817/photo/menueditor_item_56d58e1eb17b49989dda2aaab409778a_1633677759650367862.webp"
"Northeastern Sausage","https://food-cms.grab.com/compressed_webp/items/3-CZDFBA3CFAMUHA-CZDFBA3CTZEEL2/photo/3ddcdb387e3644459bcf98fee901dd7b_1588676787935139899.webp"
"Spicy Fried Egg And Chaom Salad","https://food-cms.grab.com/compressed_webp/items/THITE2021100807255814722/photo/menueditor_item_fdc92358a4434705a2513d0c9bb34caf_1633677802885292982.webp"
"Spicy Volcano Minced Pork Salad","https://food-cms.grab.com/compressed_webp/items/3-CZDFBA3CFAMUHA-CZDFBA3DCPLVG6/photo/eabd627647cd4eeaa255a2a6623c92b3_1588676788923041788.webp"
"Seafood Vermicelli Salad","https://food-cms.grab.com/compressed_webp/items/3-CZDFBA3CFAMUHA-CZDFBA3DGENENA/photo/04656632e2494eba8547e49bd764be39_1588676789535812917.webp"
"Spicy Crispy Morning Glory Salad","https://food-cms.grab.com/compressed_webp/items/THITE20200421145345018095/photo/abff2c151d8648449712c2fa47c190dc_1588676789816356864.webp"
"Spicy Pork Loaf Salad","https://food-cms.grab.com/compressed_webp/items/THITE2021100807274968721/photo/menueditor_item_5629088f83664f20bd4f054697577148_1633678057117086889.webp"
"Spicy Rice Noodles Salad","https://food-cms.grab.com/compressed_webp/items/THITE2021100807283642217/photo/menueditor_item_5f681547dd3e44b29d0af6be6fab71b1_1633678086853494768.webp"
"Spicy Mango Salad With Salmo","https://food-cms.grab.com/compressed_webp/items/3-CZDFBA3CFAMUHA-CZDFBA3DRAJ2LT/photo/44556b0715994a24b435194fed6b6102_1588676790881680467.webp"
"Raw Shrimp In Fish Sauce","https://food-cms.grab.com/compressed_webp/items/3-CZDFBA3CFAMUHA-CZDFBA3DSCLEA6/photo/b4bd2237362640ee8e4e620aa2d13620_1588676791144891786.webp"
"Spicy Minced Pork Larb","https://food-cms.grab.com/compressed_webp/items/3-CZDFBA3CFAMUHA-CZDFBA3DWAK2J6/photo/84a3ce19e38b4ab69bcb61c151442f56_1588676791728762064.webp"
"Larb Fried Chicken Cream Salad","https://food-cms.grab.com/compressed_webp/items/3-CZDFBA3CFAMUHA-CZDFBA3EA7M1CX/photo/daa2549d5e194fae943ee7a68086438a_1588676792032085034.webp"
"Sesame Fried Pork","https://food-cms.grab.com/compressed_webp/items/3-CZDFBA3CFAMUHA-CZDFBA3EC64CNX/photo/76788658e054456fbc16b881ac8d075a_1588676792274415869.webp"
"Ham And Cheese Spring Rolls","https://food-cms.grab.com/compressed_webp/items/3-CZDFBA3CFAMUHA-CZDFBA3EE3UTHE/photo/dea10c8d41174af7970a91fbff420ffd_1588676792482022568.webp"
"Boiled Sea Bass With Dip","https://food-cms.grab.com/compressed_webp/items/THITE2022042308223718997/photo/menueditor_item_61b2ee85cdc84424ac843a72f3d75ab6_1650702111226161023.webp"
"Fried Chicken Wings","https://food-cms.grab.com/compressed_webp/items/3-CZDFBA3CFAMUHA-CZDFBA3CN2WAC2/photo/5c84004f25c946328046c5b58cbd2aa6_1588676787436528033.webp"
"Fried Tofu","https://food-cms.grab.com/compressed_webp/items/3-CZDFBA3CFAMUHA-CZDFBA3CVXWAGE/photo/5a8a2a3d808f4f20b94449e75ff68c08_1588676788293398203.webp"
"Spicy Winged Beans Salad","https://food-cms.grab.com/compressed_webp/items/3-CZDFBA3CFAMUHA-CZDFBA3DAUVHNE/photo/97d73725aa6e44a383e0df2b8c7cc389_1588676788577534225.webp"
"Grilled Pork Neck Nam Tok","https://food-cms.grab.com/compressed_webp/items/THITE2021100807271755640/photo/menueditor_item_889cf02acc9642b0bf099c9f1df111e0_1633678005277502559.webp"
"Grilled Pork Neck Salad","https://food-cms.grab.com/compressed_webp/items/3-CZDFBA3CFAMUHA-CZDFBA3DNFJFUA/photo/54b827b75e0847699c174e0008dd65f4_1588676790647261284.webp"
"Squid With Salt And Chili","https://food-cms.grab.com/compressed_webp/items/3-CZDFBA3CFAMUHA-CZDFBA3DUE3XJX/photo/f266b2b30fe54effb9c7664f2985f2d1_1588676791409131700.webp"
"Fried Mashed Potato","https://food-cms.grab.com/compressed_webp/items/THITE2021100807344985566/photo/menueditor_item_16fd2dd2868f44b9935af6763812082a_1633678466193303983.webp"
"Hot And Spicy Potato + Cream Cheese With Young Chili Past","https://food-cms.grab.com/compressed_webp/items/3-CZDFBA3CFAMUHA-CZDFBA3ELTW3V6/photo/a466ffc955ff4b81ad688ebc7d734c37_1588676793059551595.webp"
"Chicken Sushi Grandmas Recipe","https://food-cms.grab.com/compressed_webp/items/3-CZDFBA3CFAMUHA-CZDFBA3ETUUZGX/photo/d5f57df6ec3f4e0fa23b5b9b0fb1b532_1588676793869780150.webp"
"Sour Soup With Acacia Shrimp","https://food-cms.grab.com/compressed_webp/items/3-CZDFBA3CFAMUHA-CZDFBA3EVYLBNA/photo/82c229c4431948b3b98a711045d8a958_1588676794125881236.webp"
"Clear Soup With Tofu Minced Pork And Spinach","https://food-cms.grab.com/compressed_webp/items/3-CZDFBA3CFAMUHA-CZDFBA3FEX2TSE/photo/59f1813dc3a04127ac3052e936cbc1a2_1588676794900032436.webp"
"Stuffed Bitter Gourd Soup","https://food-cms.grab.com/compressed_webp/items/3-CZDFBA3CFAMUHA-CZDFBA3FGZL2GJ/photo/d12f08b36b2849f0b47feb7eb7a6e894_1588676795215672652.webp"
"Roasted Curry With Crab And Wild Betel Leaves","https://food-cms.grab.com/compressed_webp/items/3-CZDFBA3CFAMUHA-CZDFBA3FLPXEJJ/photo/4a969a3253b04776b774a35574f96213_1588676795734580981.webp"
"Tom Yum Mixed Seafood Soup","https://food-cms.grab.com/compressed_webp/items/3-CZDFBA3CFAMUHA-CZDFBA3FNRDEVA/photo/851ca44b1d0d434d9ff2cfdc5b358f3f_1588676795979439156.webp"
"River Prawn Tom Yum (4 Pieces)","https://food-cms.grab.com/compressed_webp/items/3-CZDFBA3CFAMUHA-CZDFBA3FREUUJ2/photo/c3bfb79f993347caa33902a64b4d2969_1588676796247506846.webp"
"Small Tom Yum Shrimp Soup (6 Pieces)","https://food-cms.grab.com/compressed_webp/items/3-CZDFBA3CFAMUHA-CZDFBA3FTCCZRE/photo/397832128b864576932606b2473a429a_1588676796571823575.webp"
"Coconut Milk And Galangal Soup With Chicken","https://food-cms.grab.com/compressed_webp/items/3-CZDFBA3CFAMUHA-CZDFBA3FVK5DJX/photo/91cdec5c600e41939b1c7fc86c08f780_1588676796811140784.webp"
"Hot And Sour Pork Bone Soup","https://food-cms.grab.com/compressed_webp/items/3-CZDFBA3CFAMUHA-CZDFBA3GAK3ZRN/photo/52d5650917c1430e9cacdb5773d43b77_1588676797036167869.webp"
"Spicy Chicken Tendon Soup","https://food-cms.grab.com/compressed_webp/items/3-CZDFBA3CFAMUHA-CZDFBA3GCJTAFE/photo/4e5aa4830e01445fa9faeea1c8241842_1588676797277848228.webp"
"Boiled Gourami Fish Sweet Vegetables","https://food-cms.grab.com/compressed_webp/items/3-CZDFBA3CFAMUHA-CZDFBA3GEEMDSE/photo/b0371bdf6e084d89bf5b83aa392867e4_1588676797560046924.webp"
"Spicy Mixed Vegetables Soup With Shrimp","https://food-cms.grab.com/compressed_webp/items/3-CZDFBA3CFAMUHA-CZDFBA3GGFBHGA/photo/86bd8d38d39348bf9f6c6998b388a99a_1588676797938874320.webp"
"Beef Soup","https://food-cms.grab.com/compressed_webp/items/3-CZDFBA3CFAMUHA-CZDFBA3GJTE2E2/photo/1cfcd16c277e47168363d3726d755e42_1588676798205184827.webp"
"Green Curry With Chicken","https://food-cms.grab.com/compressed_webp/items/3-CZDFBA3CFAMUHA-CZDFBA3ENRMART/photo/1277f2853dcf421486e8295c0488eb55_1588676793343035708.webp"
"Green Curry With Beef And Thai Hot Chili","https://food-cms.grab.com/compressed_webp/items/3-CZDFBA3CFAMUHA-CZDFBA3ERX62T6/photo/a46f5e07d7994c058b456d672ee8039d_1588676793626161576.webp"
"Plum Soup With Minced Pork And Minced Shrimp","https://food-cms.grab.com/compressed_webp/items/THITE2021100807465459417/photo/menueditor_item_8a4793b76856408580dea528681be8d1_1633679128389803759.webp"
"Pork Panang Curry","https://food-cms.grab.com/compressed_webp/items/3-CZDFBA3CFAMUHA-CZDFBA3FC2CEL6/photo/c0ed65e5851c42c383ec4034a7e9c708_1588676794611445022.webp"
"Yellow Curry With Young Coconut Shoots And Snapper","https://food-cms.grab.com/compressed_webp/items/3-CZDFBA3CFAMUHA-CZDFBA3FJRNTCX/photo/dea9638c07634192a89b063370da3ada_1588676795477961942.webp"
"Clear Soup With Omelette","https://food-cms.grab.com/compressed_webp/items/THITE2021100807490017734/photo/menueditor_item_3cf3aa70fdfb412db42bf25a6bdce003_1633679312135819113.webp"
"Stewed Eggs","https://food-cms.grab.com/compressed_webp/items/3-CZDFBA3CFAMUHA-CZDFBA3GNPLTEA/photo/8f4d4560493e4a8f859686fc0ee8fb0b_1588676798760598342.webp"
"Stir Fried Cabbage With Shredded Chicken And Fresh Chili","https://food-cms.grab.com/compressed_webp/items/THITE2023060716183580597/photo/menueditor_item_fce5fd35ec064061bc2cbd312d1b52b4_1686154681325642058.webp"
"Shrimp Scrambled Eggs","https://food-cms.grab.com/compressed_webp/items/THITE2023060105031367227/photo/menueditor_item_8981adfae11f4b028f456ab28b42f3a8_1685595776711228736.webp"
"Stirfried Spinach With Soybean Paste And Minced Shrimp","https://food-cms.grab.com/compressed_webp/items/THITE2023060105024367417/photo/menueditor_item_ffa283fa2b1648739613b938cdf15aef_1685595712975453405.webp"
"Chicken Basil","https://food-cms.grab.com/compressed_webp/items/3-CZDFBA3CFAMUHA-CZDFBA3GTUKXAT/photo/93674e4f751a467cab1cecf5397f04be_1588676799000168336.webp"
"Pork Basil","https://food-cms.grab.com/compressed_webp/items/3-CZDFBA3CFAMUHA-CZDFBA3GV6E1LN/photo/menueditor_item_03045b66a87146b08353fc07677816ae_1607505835045854044.webp"
"Beef Basil","https://food-cms.grab.com/compressed_webp/items/3-CZDFBA3CFAMUHA-CZDFBA3HBA4YGN/photo/menueditor_item_afd76962a4854825a70d9a8442f96487_1607505853365747308.webp"
"Shrimp With Holy Basil","https://food-cms.grab.com/compressed_webp/items/3-CZDFBA3CFAMUHA-CZDFBA3HDAVZC2/photo/47bc8b30a2804e9db30d5d0401b1af1a_1588676799618700291.webp"
"Seafood With Holy Basil","https://food-cms.grab.com/compressed_webp/items/3-CZDFBA3CFAMUHA-CZDFBA3HGU6CAJ/photo/0fd903585acc4522b9053e713fd6b1f1_1588676800176298933.webp"
"Roasted Shrimp With Chili","https://food-cms.grab.com/compressed_webp/items/3-CZDFBA3CFAMUHA-CZDFBA3HJY4TNE/photo/0b44d13e3cff4d9b96ec90b8ac7887be_1588676800426951758.webp"
"Roasted Pork + Tofu With Chili","https://food-cms.grab.com/compressed_webp/items/3-CZDFBA3CFAMUHA-CZDFBA3HNUN3NA/photo/menueditor_item_450fcaba702c46709316cf72d1695a9d_1607505873417139711.webp"
"Roasted Chicken + Tofu With Chili","https://food-cms.grab.com/compressed_webp/items/3-CZDFBA3CFAMUHA-CZDFBA3HRT61VT/photo/menueditor_item_d9cfa7630d4e48c1bf992e56ffe5ac3e_1607505888065526299.webp"
"Stir Fried Minced Pork With Black Olives","https://food-cms.grab.com/compressed_webp/items/3-CZDFBA3CFAMUHA-CZDFBA3HVKDVL6/photo/970cc8ccc5b84e1d9f0ed226cf82696c_1588676801395295718.webp"
"Stir Fried Crab Meat With Yellow Curry Powder","https://food-cms.grab.com/compressed_webp/items/THITE2021100808393235377/photo/menueditor_item_5b0aac435f594403bcfef60e026165f3_1633682349441720257.webp"
"Grilled Beef With Thai Spicy Sauce","https://food-cms.grab.com/compressed_webp/items/3-CZDFBA3CFAMUHA-CZDFBA3JCAXVEA/photo/8e3cf65153ae4bf293ced229b1378112_1588676801976333493.webp"
"Seasoned Stewed Eggs With Seafood","https://food-cms.grab.com/compressed_webp/items/3-CZDFBA3CFAMUHA-CZDFBA3JKFL1AN/photo/c1fb7e33539e45808b8ffbf48b39f2a7_1588676803271524218.webp"
"Steamed Sea Bass With Spicy Lime Sauce","https://food-cms.grab.com/compressed_webp/items/THITE2021100808364658139/photo/menueditor_item_c83e5332a4f84f3a8deb509f58d3ba30_1633682195477696768.webp"
"Fried Sea Bass With Chili Sauce","https://food-cms.grab.com/compressed_webp/items/THITE2021100808372237019/photo/menueditor_item_e493e5b0ddb64831912ed375786be052_1633682221903950163.webp"
"Fried Sea Bass With Herbs","https://food-cms.grab.com/compressed_webp/items/THITE2021100808375520225/photo/menueditor_item_58e549a20da74f30ae292bbd0e610d7b_1633682265887248344.webp"
"Stirfried Pork With Shanghai Chili","https://food-cms.grab.com/compressed_webp/items/THITE2021100807583052044/photo/menueditor_item_b34daa3f1e7943c593e70d2378e9f76d_1633679886309172239.webp"
"Crab Meat Omelett","https://food-cms.grab.com/compressed_webp/items/THITE2021100808292606533/photo/menueditor_item_263f1f166af84409925af897958b1940_1633682502710764434.webp"
"Pork With Garlic And Pepper","https://food-cms.grab.com/compressed_webp/items/3-CZDFBA3CFAMUHA-CZDFBA3KA8MJA2/photo/010973e52f004ce1b6a50d1e5bb67e16_1588676804706766742.webp"
"Fried Eggs With Tamarind Sauce","https://food-cms.grab.com/compressed_webp/items/3-CZDFBA3CFAMUHA-CZDFBA3KC3XBAA/photo/7b2575925a774239b1e045f3f60cb2b3_1588676804986651836.webp"
"Stir Fried Original Mushroom With Minced Beef","https://food-cms.grab.com/compressed_webp/items/3-CZDFBA3CFAMUHA-CZDFBA3KE4N1AN/photo/f1e5b2f2026d4783ad18581c9e21bc6c_1588676805275204099.webp"
"Stirfried Fermented Pork With Glass Noodles With Baco","https://food-cms.grab.com/compressed_webp/items/THITE2021100808173223977/photo/menueditor_item_e955fead6e7b421e807f77e77abed90c_1633680158650791198.webp"
"Stir Fried Chicken With Chili Paste And Cashew Nuts","https://food-cms.grab.com/compressed_webp/items/3-CZDFBA3CFAMUHA-CZDFBA3KL7NTMA/photo/0207148219ae41d58dcbb6b192055484_1588676806100649505.webp"
"Stir Fried Crab Meat With Fresh Chili","https://food-cms.grab.com/compressed_webp/items/THITE2021100808384103589/photo/menueditor_item_a6d0979d85e44cb99178e239aacde550_1633682300893635626.webp"
"Stir Fried Liver With Dried Chili","https://food-cms.grab.com/compressed_webp/items/3-CZDFBA3CFAMUHA-CZDFBA3KSCA1EX/photo/f9c4d5c07336456590b1feeb84fdd4e2_1588676806757312219.webp"
"Stir Fried Chinese Chives With Liver","https://food-cms.grab.com/compressed_webp/items/3-CZDFBA3CFAMUHA-CZDFBA3KT8N1EN/photo/9c32a4b31b074ea88a2e4e99644e6876_1588676807025010427.webp"
"Stir Fried Chinese Chives With Shrimp","https://food-cms.grab.com/compressed_webp/items/3-CZDFBA3CFAMUHA-CZDFBA3KV6B2TE/photo/08c380c78e41407496373a24485437b1_1588676807243150386.webp"
"Stirfried Spinach With Minced Pork","https://food-cms.grab.com/compressed_webp/items/3-CZDFBA3CFAMUHA-CZDFBA3TA8NHTJ/photo/24c3c0ec058e4157b9410bd7ede9b653_1588676807622448791.webp"
"Stir Fried Morning Glory","https://food-cms.grab.com/compressed_webp/items/THITE2021100808184907222/photo/menueditor_item_8840b228fcd645c9ab1d83d513676ca8_1633681116535122378.webp"
"Stir Fried Morning Glory","https://food-cms.grab.com/compressed_webp/items/3-CZDFBA3CFAMUHA-CZDFBA3TC8BYNX/photo/menueditor_item_c6519a6b9df74c19a9e0d4a93a3f02e9_1633681099770111898.webp"
"Stir Fried Liang Leaves With Egg With Dried Shrimp","https://food-cms.grab.com/compressed_webp/items/THITE2021100808192682588/photo/menueditor_item_3b4fec9612b345e480b22a403b69c302_1633681141849690992.webp"
"Stir Fried Mixed Vegetables Without Meat","https://food-cms.grab.com/compressed_webp/items/THITE2021100808202410585/photo/menueditor_item_20adf8e741d14acab7a8157b9a258ae3_1633681202818256241.webp"
"Stirfried Baby Cabbage With Pork Belly","https://food-cms.grab.com/compressed_webp/items/3-CZDFBA3CFAMUHA-CZDFBA3TN2KKAA/photo/37381457d17348499a633e08a385475e_1588676809148939211.webp"
"Stir Fried Chinese Cabbage With Crab Meat","https://food-cms.grab.com/compressed_webp/items/3-CZDFBA3CFAMUHA-CZDFBA3TRYWXGJ/photo/ceb193b053844b729bb6c961844cd31f_1588676809472763308.webp"
"Stirfried Hong Kong Chinese Kale With Salted Fish","https://food-cms.grab.com/compressed_webp/items/3-CZDFBA3CFAMUHA-CZDFBA3TT6JZLT/photo/28052ec46d4542ca9852928eeeaaaebe_1588676809700668910.webp"
"Cabbage Bacon","https://food-cms.grab.com/compressed_webp/items/3-CZDFBA3CFAMUHA-CZDFBA3TVYT2EX/photo/6f0caac233cf4e888e9b27b578fc3aaa_1588676809987560434.webp"
"Stir Fried Bitter Gourd With Egg","https://food-cms.grab.com/compressed_webp/items/3-CZDFBA3CFAMUHA-CZDFBA3UCX5YFA/photo/e31e44dc59f54d84a2933d46b9aa34eb_1588676810531560746.webp"
"Stir Fried Sweet Vegetables With Dried Chili","https://food-cms.grab.com/compressed_webp/items/3-CZDFBA3CFAMUHA-CZDFBA3UEP3CG2/photo/01fe253cb774469f8d76399a3302c8dc_1588676810761803387.webp"
"Stir Fried Cowslip Creeper With Egg And Grilled Pork Neck With Holy Basil","https://food-cms.grab.com/compressed_webp/items/THITE2023060105041543213/photo/menueditor_item_695517a18039460c99997d864abe86e0_1685595826028093545.webp"
"Squid With Holy Basil","https://food-cms.grab.com/compressed_webp/items/3-CZDFBA3CFAMUHA-CZDFBA3HE36XC6/photo/96876ab5ac384f9eb4aa3b8b97f0474e_1588676799907471926.webp"
"Roasted Sea Bass With Thai Hot Chili","https://food-cms.grab.com/compressed_webp/items/3-CZDFBA3CFAMUHA-CZDFBA3HLX2YFE/photo/b24f0be9da1d47a5959cd8bdc93c11df_1588676800685629127.webp"
"Stir Fried Clams With Roasted Chili Past","https://food-cms.grab.com/compressed_webp/items/3-CZDFBA3CFAMUHA-CZDFBA3JAFXTE6/photo/006cc4b87ace4f7a972b725cd088e16f_1588676801697300464.webp"
"River Prawns With Tamarind Sauce","https://food-cms.grab.com/compressed_webp/items/THITE2021100808352906144/photo/menueditor_item_90efe2e61b1147e68f00ac7be16d2fb5_1633682089849462328.webp"
"Grilled Pork Neck With Thai Spicy Sauce","https://food-cms.grab.com/compressed_webp/items/3-CZDFBA3CFAMUHA-CZDFBA3JEGEFBA/photo/462b6a4bb1d84d21a85c72afb497d030_1588676802277609570.webp"
"Stir Fried Crispy Pork With Ginger Chili","https://food-cms.grab.com/compressed_webp/items/3-CZDFBA3CFAMUHA-CZDFBA3JGFDBUE/photo/baff39809cca4f6d98161d6ce1607d90_1588676802680931205.webp"
"Stir Fried Squid With Garlic And Pepper","https://food-cms.grab.com/compressed_webp/items/3-CZDFBA3CFAMUHA-CZDFBA3JPFKWT2/photo/a98069f9808b42838bfcce716091ac18_1588676803735290697.webp"
"Salted Egg Squid","https://food-cms.grab.com/compressed_webp/items/3-CZDFBA3CFAMUHA-CZDFBA3JTE2DRJ/photo/9eaf1b04db9f4c9b87455e7c79085ea7_1588676803984729375.webp"
"Stir Fried Climbing Wattle With Glass Noodles And Shrimp","https://food-cms.grab.com/compressed_webp/items/3-CZDFBA3CFAMUHA-CZDFBA3KKA4VNN/photo/0634008a93b548fb85e568c57787191f_1588676805770941740.webp"
"Fried River Prawns With Garlic And Shrimp Past","https://food-cms.grab.com/compressed_webp/items/THITE2021100808401729370/photo/menueditor_item_eb1865150ed94d4387acdea19632e4f8_1633682387052280345.webp"
"Fried Sea Bass With Tamarind Sauce","https://food-cms.grab.com/compressed_webp/items/THITE2022042308312327795/photo/menueditor_item_a81c60f0433d4f1db84270c8335cc3a1_1650702643583323076.webp"
"Stir Fried Sea Bass With Fresh Chili","https://food-cms.grab.com/compressed_webp/items/THITE2022042308302266785/photo/menueditor_item_17a45fdfddc3490b9e46517b958ecdf0_1650702599350765366.webp"
"Stir Fried Three Mushrooms In Oyster Sauce","https://food-cms.grab.com/compressed_webp/items/THITE2021100808210657347/photo/menueditor_item_ac6bc575a6b64822941205d2eaf69af6_1633681242423109417.webp"
"Stir Fried Sea Bass With Celery","https://food-cms.grab.com/compressed_webp/items/THITE2022042308293807384/photo/menueditor_item_b420181aed834a0f9dc5161de7cac680_1650702551840500363.webp"
"Rice + Holy Basil With Chick","https://food-cms.grab.com/compressed_webp/items/3-CZDFBA3CFAMUHA-CZDFBA3URATYE6/photo/2cdf62dfb0e2498d99385e96338f065e_1588676811770768565.webp"
"Rice + Stirfried Holy Basil With Pork","https://food-cms.grab.com/compressed_webp/items/3-CZDFBA3CFAMUHA-CZDFBA3UTAWDGT/photo/4d671aa30f8c4e0abfbaf8bdbb50e4b1_1588676811982421893.webp"
"Rice + Holy Basil With Shrimp","https://food-cms.grab.com/compressed_webp/items/3-CZDFBA3CFAMUHA-CZDFBA3UWFWBAA/photo/d7c50ae2157f40cab4d1922066acc612_1588676812615235738.webp"
"Rice + Holy Basil With Squid","https://food-cms.grab.com/compressed_webp/items/3-CZDFBA3CFAMUHA-CZDFBA3VCAUXHE/photo/c04036b842ad4e5fb270e41e56fb26fb_1588676812871829340.webp"
"Rice + Seafood With Holy Basil","https://food-cms.grab.com/compressed_webp/items/3-CZDFBA3CFAMUHA-CZDFBA3VDEVDVJ/photo/49c87a9aef6b4ffbaf7a5b7ce157593a_1588676813116985590.webp"
"Rice+Roasted Shrimp With Chili","https://food-cms.grab.com/compressed_webp/items/3-CZDFBA3CFAMUHA-CZDFBA3VE752JX/photo/82144cd0a7534e5e85ed33deb267307e_1588676813344279345.webp"
"Rice+Roasted Pork With Tofu And Chili","https://food-cms.grab.com/compressed_webp/items/3-CZDFBA3CFAMUHA-CZDFBA3VKCBCRE/photo/bea0bac5fe1b4faaab75e46238c9437f_1588676813913052958.webp"
"Rice+Roasted Chicken With Tofu Chili","https://food-cms.grab.com/compressed_webp/items/3-CZDFBA3CFAMUHA-CZDFBA3VL65ZCE/photo/642080e5a0414a3990de18cc81f20e66_1588676814195494571.webp"
"Rice+Stirfried Minced Pork With Black Olives","https://food-cms.grab.com/compressed_webp/items/3-CZDFBA3CFAMUHA-CZDFBA3VN23TNT/photo/27f6030890cb4752a94b1df5c8b26a66_1588676814453593142.webp"
"Rice + Stirfried Original Mushroom With Minced Beef","https://food-cms.grab.com/compressed_webp/items/3-CZDFBA3CFAMUHA-CZDFBA3VR7KHC6/photo/0a428a38934648fb844d68ebd37d4de4_1588676814737848931.webp"
"Rice+Green Curry With Chick","https://food-cms.grab.com/compressed_webp/items/3-CZDFBA3CFAMUHA-CZDFBA3UJNU1E2/photo/42bc14547d61445b96a2a906834e684f_1588676811338936901.webp"
