"name","imgHref","price","description","imgHD"
"Traditional Cup Cake (Vegetarian)","https://food-cms.grab.com/compressed_webp/items/THITE20220327192833275443/photo/ad91791fc1184489aeab6fe4c5835b39_1648409313505001909.webp","55","Cup Dessert 6 Pieces","https://food-cms.grab.com/item/THITE20220327192833275443/photos/ad91791fc1184489aeab6fe4c5835b39_1648409313505001909.jpg"
"Soft Coconut Dumplings","https://food-cms.grab.com/compressed_webp/items/THITE20220327192833138170/photo/d5773c79117a4466a77fec6376430796_1648409313227128026.webp","55","","https://d1sag4ddilekf6.cloudfront.net/item/THITE20220327192833138170/photos/d5773c79117a4466a77fec6376430796_1648409313227128026.jpg"
"Steamed Coconut Milk Pudding In Fillings","https://food-cms.grab.com/compressed_webp/items/THITE20220327192832502407/photo/04d80144e43f4ba2aeb2bc863f43313e_1648409312957873940.webp","55","5 Packs Per Set","https://d1sag4ddilekf6.cloudfront.net/item/THITE20220327192832502407/photos/04d80144e43f4ba2aeb2bc863f43313e_1648409312957873940.jpg"
"Three Colors Bualoy","https://food-cms.grab.com/compressed_webp/items/THITE20220327192832180703/photo/465135a233644443a07ca74d06c14163_1648409312419287416.webp","40","","https://d1sag4ddilekf6.cloudfront.net/item/THITE20220327192832180703/photos/465135a233644443a07ca74d06c14163_1648409312419287416.jpg"
"Traditional Cup Cake","https://food-cms.grab.com/compressed_webp/items/THITE2020042503245988505/photo/menueditor_item_483bf2b699204514a6d8f5c0570ddd28_1587785043154122405.webp","55","7 Pieces","https://food-cms.grab.com/item/THITE2020042503245988505/photos/menueditor_item_483bf2b699204514a6d8f5c0570ddd28_1587785043154122405.jpg"
"Soft Coconut Dumplings","https://food-cms.grab.com/compressed_webp/items/THITE2020042503333398222/photo/menueditor_item_0bff01902c1d4d0597d8624cff4c9ed0_1589102328742842641.webp","55","Young Coconuts Should Be Eaten Immediately Stored In The Refrigerator For 1-2 Days","https://d1sag4ddilekf6.cloudfront.net/item/THITE2020042503333398222/photos/menueditor_item_0bff01902c1d4d0597d8624cff4c9ed0_1589102328742842641.jpg"
"Banana Snack","https://food-cms.grab.com/compressed_webp/items/THITE2020042503260458206/photo/menueditor_item_1b16fb0a7fa244169beb027555b26064_1591507616465982822.webp","55","7 Pieces","https://food-cms.grab.com/item/THITE2020042503260458206/photos/menueditor_item_1b16fb0a7fa244169beb027555b26064_1591507616465982822.jpg"
"Toddy Palm Cak","https://food-cms.grab.com/compressed_webp/items/THITE2020050608044183270/photo/menueditor_item_f9950f2b2d7a48299d7c8c52d10aa5d6_1591507697949290443.webp","55","8 Pieces Per Set","https://d1sag4ddilekf6.cloudfront.net/item/THITE2020050608044183270/photos/menueditor_item_f9950f2b2d7a48299d7c8c52d10aa5d6_1591507697949290443.jpg"
"Fish Roe Snack","https://food-cms.grab.com/compressed_webp/items/THITE2020042503361705109/photo/menueditor_item_3a4c93ff6a944a908a45311db71a2d25_1587785757618233700.webp","55","Three Colors Rice Cake With Palm Sugar And Shredded Coconut","https://d1sag4ddilekf6.cloudfront.net/item/THITE2020042503361705109/photos/menueditor_item_3a4c93ff6a944a908a45311db71a2d25_1587785757618233700.jpg"
"Steamed Coconut Milk Pudding In Fillings","https://food-cms.grab.com/compressed_webp/items/THITE2020052117453098378/photo/menueditor_item_fe41d31eae5444639456d5ab6e7ee072_1591507742773365421.webp","55","5 Packs Per Set","https://d1sag4ddilekf6.cloudfront.net/item/THITE2020052117453098378/photos/menueditor_item_fe41d31eae5444639456d5ab6e7ee072_1591507742773365421.jpg"
"Steamed Sweet Potato","https://food-cms.grab.com/compressed_webp/items/THITE2020051305061555099/photo/menueditor_item_5439633bb5b5480bb259691b057c8121_1589346358533845988.webp","50","Steamed Sweet Potato","https://d1sag4ddilekf6.cloudfront.net/item/THITE2020051305061555099/photos/menueditor_item_5439633bb5b5480bb259691b057c8121_1589346358533845988.jpg"
"Steamed Boiled Rice","https://food-cms.grab.com/compressed_webp/items/THITE2020042503371771226/photo/menueditor_item_1e0917199ff24f2c8dfab4e11ec58a95_1592148561149613582.webp","55","Banana And Black Bean Filling (2 Bundles Per Set)","https://d1sag4ddilekf6.cloudfront.net/item/THITE2020042503371771226/photos/menueditor_item_1e0917199ff24f2c8dfab4e11ec58a95_1592148561149613582.jpg"
"Black Coffee","https://food-cms.grab.com/compressed_webp/items/THITE2020100319165809795/photo/menueditor_item_9f8328552e1941298eba24c811a46c0d_1601752560651489887.webp","55","""Nong Khanom Jeen Khai Traditional Thai Dessert By Moms Shop Uses Real Sago Trees To Boil In The Shops Secret Pandan Syrup And Mix With Coconut Flavor When Eaten The Taste Is Sticky And Eat The Aroma Of Pandan Leaves","https://d1sag4ddilekf6.cloudfront.net/item/THITE2020100319165809795/photos/menueditor_item_9f8328552e1941298eba24c811a46c0d_1601752560651489887.jpg"
"Coconut Claws Pudding In Sweet Coconut Cream","https://food-cms.grab.com/compressed_webp/items/THITE2020112503490893027/photo/menueditor_item_aecb3d0ad722469392f117307ca30479_1606276132065184565.webp","60","Pandanus Pudding And Coconut Coir In Coconut Cream","https://d1sag4ddilekf6.cloudfront.net/item/THITE2020112503490893027/photos/menueditor_item_aecb3d0ad722469392f117307ca30479_1606276132065184565.jpg"
"Pandanus Pudding In Sweet Coconut Cream","https://food-cms.grab.com/compressed_webp/items/THITE2020112503495599290/photo/menueditor_item_1de88cdf370a4fcf91b7341d798b959e_1606276177537727851.webp","60","Pandanus Pudding In Coconut Cream","https://d1sag4ddilekf6.cloudfront.net/item/THITE2020112503495599290/photos/menueditor_item_1de88cdf370a4fcf91b7341d798b959e_1606276177537727851.jpg"
"Pandanus Pudding In Sweet Coconut Cream","https://food-cms.grab.com/compressed_webp/items/THITE2021051303580858070/photo/menueditor_item_9c8d1ae89b56494fb980fc1eadeadc4d_1629967692849819164.webp","60","","https://d1sag4ddilekf6.cloudfront.net/item/THITE2021051303580858070/photos/menueditor_item_9c8d1ae89b56494fb980fc1eadeadc4d_1629967692849819164.jpeg"
"Steamed Pandan Layer Cake","https://food-cms.grab.com/compressed_webp/items/THITE2020083103573432630/photo/menueditor_item_24bb088096424edebb9fece69e1a4d46_1598846221109286653.webp","75","Steamed Layered Sweet Cake","https://d1sag4ddilekf6.cloudfront.net/item/THITE2020083103573432630/photos/menueditor_item_24bb088096424edebb9fece69e1a4d46_1598846221109286653.jpg"
"Tago","https://food-cms.grab.com/compressed_webp/items/THITE2020101118565415416/photo/menueditor_item_17ef92c2ff204caea6eda014d40be049_1602442551435446335.webp","65","Thai Coconut Milk Jelly In Banana Cup","https://d1sag4ddilekf6.cloudfront.net/item/THITE2020101118565415416/photos/menueditor_item_17ef92c2ff204caea6eda014d40be049_1602442551435446335.jpg"
"Grilled Sticky Rice (Charcoal Stove Recipe)","https://food-cms.grab.com/compressed_webp/items/THITE2022061504503851086/photo/menueditor_item_1b84c9d54a25475d8c3f08daa378753b_1655268785493482643.webp","55","3 Pieces Per Set Grilled With Charcoal Oven It Will Have A Traditional Aroma Sweet And Delicious","https://d1sag4ddilekf6.cloudfront.net/item/THITE2022061504503851086/photos/menueditor_item_1b84c9d54a25475d8c3f08daa378753b_1655268785493482643.jpg"
"Mung Bean Dumpling With Young Coconut","https://food-cms.grab.com/compressed_webp/items/THITE2020100418491652954/photo/menueditor_item_4db9c7771bb045f59e4fd75098e11193_1601837325146014769.webp","55","Thai Steamed Mung Beans Rice Cake With Young Coconut Meat","https://d1sag4ddilekf6.cloudfront.net/item/THITE2020100418491652954/photos/menueditor_item_4db9c7771bb045f59e4fd75098e11193_1601837325146014769.jpg"
"Black Sticky Rice Cake","https://food-cms.grab.com/compressed_webp/items/THITE2020102103423281136/photo/menueditor_item_3dbfda271c044c3685b90583600569ed_1603251741568692266.webp","55","Grilled Coconut Pancake","https://d1sag4ddilekf6.cloudfront.net/item/THITE2020102103423281136/photos/menueditor_item_3dbfda271c044c3685b90583600569ed_1603251741568692266.jpg"
"Steamed Ladyfinger Dumplings","https://food-cms.grab.com/compressed_webp/items/THITE2020100418481477498/photo/menueditor_item_ed2f1c05cbb144de9efb0551718c77a9_1601837280980390085.webp","50","Steamed Ladyfinger Dumplings","https://d1sag4ddilekf6.cloudfront.net/item/THITE2020100418481477498/photos/menueditor_item_ed2f1c05cbb144de9efb0551718c77a9_1601837280980390085.jpg"
"Pumpkin Snacks","https://food-cms.grab.com/compressed_webp/items/THITE2020042503300761272/photo/menueditor_item_bb02bfbf6a694e55bae82724ecef9299_1591507659390942572.webp","55","7 Pieces","https://food-cms.grab.com/item/THITE2020042503300761272/photos/menueditor_item_bb02bfbf6a694e55bae82724ecef9299_1591507659390942572.jpg"
"Wet Sago With Fresh Coconut Milk And Taro","https://food-cms.grab.com/compressed_webp/items/THITE2020051008005724040/photo/menueditor_item_751dbcf538944c54954571c3b060701c_1594142020520304740.webp","50","Wet Sago In Coconut Milk From The South Its Not Real Fresh Coconut Milk Flour No Coconut Milk Box Fragrant Coconut Oily And Chewy Corn Its Delicious And You Will Like It","https://d1sag4ddilekf6.cloudfront.net/item/THITE2020051008005724040/photos/menueditor_item_751dbcf538944c54954571c3b060701c_1594142020520304740.jpg"
"Sago And Longan With Fresh Coconut Milk","https://food-cms.grab.com/compressed_webp/items/THITE2020051009050607791/photo/menueditor_item_87b21b7d6bdb4abb8959332afb09e99a_1594141585328433186.webp","50","Wet Sago In Coconut Milk From The South Its Not Real Fresh Coconut Milk Flour No Coconut Milk Box Fragrant Coconut Oily And Chewy Corn Its Delicious And You Will Like It","https://d1sag4ddilekf6.cloudfront.net/item/THITE2020051009050607791/photos/menueditor_item_87b21b7d6bdb4abb8959332afb09e99a_1594141585328433186.jpg"
"Wet Sago With Fresh Coconut Milk And Corn","https://food-cms.grab.com/compressed_webp/items/THITE2020051008000020610/photo/menueditor_item_51808f7192a64113bda551ec345707ab_1594141887821164276.webp","50","Wet Sago In Coconut Milk From The South Its Not Real Fresh Coconut Milk Flour No Coconut Milk Box Fragrant Coconut Oily And Chewy Corn Its Delicious And You Will Like It","https://d1sag4ddilekf6.cloudfront.net/item/THITE2020051008000020610/photos/menueditor_item_51808f7192a64113bda551ec345707ab_1594141887821164276.jpg"
"Pumpkin Zucchini","https://food-cms.grab.com/compressed_webp/items/THITE2021081503364377482/photo/menueditor_item_f81ca306d5dd4fee900a993792449e86_1628998424134767634.webp","44","","https://d1sag4ddilekf6.cloudfront.net/item/THITE2021081503364377482/photos/menueditor_item_f81ca306d5dd4fee900a993792449e86_1628998424134767634.jpeg"
"Potato In Coconut Milk","https://food-cms.grab.com/compressed_webp/items/THITE2023022013500506261/photo/menueditor_item_64603f293056429495ddb83031d44cf5_1676900980468506807.webp","50","","https://d1sag4ddilekf6.cloudfront.net/item/THITE2023022013500506261/photos/menueditor_item_64603f293056429495ddb83031d44cf5_1676900980468506807.jpg"
"Banana In Coconut Milk","https://food-cms.grab.com/compressed_webp/items/THITE2020100418472653429/photo/menueditor_item_0441a2ed25d446858db1ba83e566860c_1601837225522952396.webp","45","Banana In Coconut Milk","https://d1sag4ddilekf6.cloudfront.net/item/THITE2020100418472653429/photos/menueditor_item_0441a2ed25d446858db1ba83e566860c_1601837225522952396.jpg"
"Black Bean And Sago With Coconut Milk","https://food-cms.grab.com/compressed_webp/items/THITE2020061302545822916/photo/menueditor_item_65f4baa363ba436abebca50dd0aa776b_1592016877613865103.webp","80","Sago And Black Beans With Fresh Coconut Milk","https://d1sag4ddilekf6.cloudfront.net/item/THITE2020061302545822916/photos/menueditor_item_65f4baa363ba436abebca50dd0aa776b_1592016877613865103.jpg"
"Boiled Ginger Al","https://food-cms.grab.com/compressed_webp/items/THITE2022122107391179563/photo/menueditor_item_c234de580d4c4a018ebc81b9decf6a73_1671608276825183329.webp","50","Good Meat Spicy Ginger Juice Medium Level Can Eat Every Time","https://d1sag4ddilekf6.cloudfront.net/item/THITE2022122107391179563/photos/menueditor_item_c234de580d4c4a018ebc81b9decf6a73_1671608276825183329.jpg"
"Three Colors Bualoy","https://food-cms.grab.com/compressed_webp/items/THITE2020042705372316202/photo/menueditor_item_28359eede4c14bf5a084fbdf4f3b0329_1594141217355003992.webp","40","No Eggs * Add More Eggs 10 Baht","https://d1sag4ddilekf6.cloudfront.net/item/THITE2020042705372316202/photos/menueditor_item_28359eede4c14bf5a084fbdf4f3b0329_1594141217355003992.jpg"
"Thai Steamed Egg Cake","https://food-cms.grab.com/compressed_webp/items/THITE2021110917303135122/photo/menueditor_item_0af727c2edf24d9ca0c4b4895f9378c1_1636479016740186438.webp","55","Size 160 G The Cup Can Be Heated","https://d1sag4ddilekf6.cloudfront.net/item/THITE2021110917303135122/photos/menueditor_item_0af727c2edf24d9ca0c4b4895f9378c1_1636479016740186438.jpeg"
"Thai Steamed Taro Egg Cake","https://food-cms.grab.com/compressed_webp/items/THITE2021110917300651630/photo/menueditor_item_746b5b3888c04ef0a02728d86a7a76dd_1636478988714252229.webp","55","Size 160 G The Cup Can Be Heated","https://d1sag4ddilekf6.cloudfront.net/item/THITE2021110917300651630/photos/menueditor_item_746b5b3888c04ef0a02728d86a7a76dd_1636478988714252229.jpeg"
"Thai Steamed Mung Beans Egg Cake","https://food-cms.grab.com/compressed_webp/items/THITE2021110917293741671/photo/menueditor_item_155f554ad9af4d158a95dc0fc695d11b_1636478821970696294.webp","55","Size 160 G The Cup Can Be Heated","https://d1sag4ddilekf6.cloudfront.net/item/THITE2021110917293741671/photos/menueditor_item_155f554ad9af4d158a95dc0fc695d11b_1636478821970696294.jpeg"
"Tubtim Krob With Coconut Milk","https://food-cms.grab.com/compressed_webp/items/THITE2021071817241511700/photo/menueditor_item_b835ac5d68f64f87898773874c951bb0_1626860941877429207.webp","50","","https://d1sag4ddilekf6.cloudfront.net/item/THITE2021071817241511700/photos/menueditor_item_b835ac5d68f64f87898773874c951bb0_1626860941877429207.jpeg"
"Pandan Coconut Milk Jelly With Two Colors","https://food-cms.grab.com/compressed_webp/items/THITE2021011219153683068/photo/menueditor_item_233cf02ff58b407697e052c20a6d5135_1610478854797889807.webp","80","100 % Real Pandan Coconut Milk Jelly With Two Layers Top Layer Is Pandan Leaves","https://d1sag4ddilekf6.cloudfront.net/item/THITE2021011219153683068/photos/menueditor_item_233cf02ff58b407697e052c20a6d5135_1610478854797889807.jpg"
"Coconut Jelly","https://food-cms.grab.com/compressed_webp/items/THITE2020091402502646486/photo/menueditor_item_18a475ddfb4d4cc4a9329e1d5cdd8e42_1600051774310472776.webp","70","Coconut Jelly","https://d1sag4ddilekf6.cloudfront.net/item/THITE2020091402502646486/photos/menueditor_item_18a475ddfb4d4cc4a9329e1d5cdd8e42_1600051774310472776.jpg"
"Fragrant Coconut Jelly (Balls)","https://food-cms.grab.com/compressed_webp/items/THITE2020091402525240602/photo/menueditor_item_307fb96e31434483b90d74da93f0acdb_1602442515396200975.webp","85","1 Ball (Seafood To The Season Of Coconut) *","https://d1sag4ddilekf6.cloudfront.net/item/THITE2020091402525240602/photos/menueditor_item_307fb96e31434483b90d74da93f0acdb_1602442515396200975.jpg"
"Two Colors Pandan Coconut Milk Jelly","https://food-cms.grab.com/compressed_webp/items/THITE2020082803200805746/photo/menueditor_item_4aa8ea5fc275492abd0ccf42b68cdbd3_1598846290717921350.webp","80","6 Pieces","https://d1sag4ddilekf6.cloudfront.net/item/THITE2020082803200805746/photos/menueditor_item_4aa8ea5fc275492abd0ccf42b68cdbd3_1598846290717921350.jpg"
"Golden Thread Coconut Milk Jelly","https://food-cms.grab.com/compressed_webp/items/THITE2023032212324139742/photo/menueditor_item_a4deeddec8c444238f5a95bc645261a9_1679488336570862082.webp","100","6 Pieces Per Box","https://d1sag4ddilekf6.cloudfront.net/item/THITE2023032212324139742/photos/menueditor_item_a4deeddec8c444238f5a95bc645261a9_1679488336570862082.jpg"
"Shrimp And Sticky Rice","https://food-cms.grab.com/compressed_webp/items/THITE2024052208171506044/photo/menueditor_item_5e2c5db0ec214cf2b01be40249c2b886_1716365813686083271.webp","60","","https://food-cms.grab.com/item/THITE2024052208171506044/photos/menueditor_item_5e2c5db0ec214cf2b01be40249c2b886_1716365813686083271.jpg"
"Wet Taro Tofu","https://food-cms.grab.com/compressed_webp/items/THITE2022101804515429691/photo/menueditor_item_ccb79efde0ae4a0c99284f7b4c3a51c6_1666068693043780937.webp","45","","https://d1sag4ddilekf6.cloudfront.net/item/THITE2022101804515429691/photos/menueditor_item_ccb79efde0ae4a0c99284f7b4c3a51c6_1666068693043780937.jpg"
"Wet Sticky Rice With Longan","https://food-cms.grab.com/compressed_webp/items/THITE2021072110104751126/photo/menueditor_item_830b7ce3e64f4b5e9f6b17d38858502c_1626862199185903454.webp","50","150 - 200 G","https://d1sag4ddilekf6.cloudfront.net/item/THITE2021072110104751126/photos/menueditor_item_830b7ce3e64f4b5e9f6b17d38858502c_1626862199185903454.jpeg"
"Sticky Rice With Custard","https://food-cms.grab.com/compressed_webp/items/THITE2020062218472006550/photo/menueditor_item_3d4aa05566364a78a433fd5e2e63bd8b_1592851612828720646.webp","60","Sticky Rice With Custard","https://d1sag4ddilekf6.cloudfront.net/item/THITE2020062218472006550/photos/menueditor_item_3d4aa05566364a78a433fd5e2e63bd8b_1592851612828720646.jpg"
"Black Beans And Fresh Coconut Milk Sticky Rice","https://food-cms.grab.com/compressed_webp/items/THITE2020061302555032043/photo/menueditor_item_28c5238292324b74b785bebc06c8f403_1594142170813442296.webp","60","Sticky Rice With Black Beans In Coconut Milk","https://d1sag4ddilekf6.cloudfront.net/item/THITE2020061302555032043/photos/menueditor_item_28c5238292324b74b785bebc06c8f403_1594142170813442296.jpg"
"Mango And Sticky Rice","https://food-cms.grab.com/compressed_webp/items/THITE2020042503475296450/photo/menueditor_item_4ff0318ecd9446228f3308675561117b_1677516593908736522.webp","140","Image Of Advertising Mango Nam Dok Mai Mango* Price Depends On The Season Of The Mangoes Depending On The Cost","https://d1sag4ddilekf6.cloudfront.net/item/THITE2020042503475296450/photos/menueditor_item_4ff0318ecd9446228f3308675561117b_1677516593908736522.jpg"
"Durian And Sticky Rice","https://food-cms.grab.com/compressed_webp/items/THITE2020042503461680623/photo/menueditor_item_d490695420c5481abd9c4127bf9bbe8a_1620711454374797749.webp","95","Sticky Rice With Durian","https://d1sag4ddilekf6.cloudfront.net/item/THITE2020042503461680623/photos/menueditor_item_d490695420c5481abd9c4127bf9bbe8a_1620711454374797749.jpg"
"Sticky Rice With Taro Custard","https://food-cms.grab.com/compressed_webp/items/THITE2020042503521580383/photo/menueditor_item_2e036f22b24343519156996b970eaea4_1588836926652760669.webp","120","Sticky Rice With Taro Custard","https://d1sag4ddilekf6.cloudfront.net/item/THITE2020042503521580383/photos/menueditor_item_2e036f22b24343519156996b970eaea4_1588836926652760669.jpg"
"Sticky Rice With Black Bean Custard","https://food-cms.grab.com/compressed_webp/items/THITE2020042503510078024/photo/menueditor_item_23bab4a0495a4b04a2d906e79160254a_1587786633165974460.webp","120","Sticky Rice With Black Bean Custard","https://d1sag4ddilekf6.cloudfront.net/item/THITE2020042503510078024/photos/menueditor_item_23bab4a0495a4b04a2d906e79160254a_1587786633165974460.jpg"
"Sticky Rice With Coconut Custard","https://food-cms.grab.com/compressed_webp/items/THITE2020042503495945876/photo/menueditor_item_db71a920efad4f0fb7babc7ca7dc4d1e_1588836955363130306.webp","120","Sticky Rice With Coconut Custard","https://d1sag4ddilekf6.cloudfront.net/item/THITE2020042503495945876/photos/menueditor_item_db71a920efad4f0fb7babc7ca7dc4d1e_1588836955363130306.jpg"
"Sticky Rice With Pumpkin Custard","https://food-cms.grab.com/compressed_webp/items/THITE2020042503490017247/photo/menueditor_item_e46f7246da1d4c16b1db581287db944b_1588836988499779376.webp","120","Sticky Rice With Pumpkin Custard","https://d1sag4ddilekf6.cloudfront.net/item/THITE2020042503490017247/photos/menueditor_item_e46f7246da1d4c16b1db581287db944b_1588836988499779376.jpg"
"Coconut Milk Sticky Rice","https://food-cms.grab.com/compressed_webp/items/THITE2020042503444919143/photo/menueditor_item_71c8a917b36b4c51afd24a6b6fc49609_1587786260920694767.webp","169","500 Grams Per Set","https://d1sag4ddilekf6.cloudfront.net/item/THITE2020042503444919143/photos/menueditor_item_71c8a917b36b4c51afd24a6b6fc49609_1587786260920694767.jpg"
"Coconut Milk Sticky Rice With Jackfruit","https://food-cms.grab.com/compressed_webp/items/THITE2021051503305017578/photo/menueditor_item_1cb7ed4740834737a8e6b8e4e37470f5_1621049416838405351.webp","119","Eat With Fresh Coconut Milk","https://d1sag4ddilekf6.cloudfront.net/item/THITE2021051503305017578/photos/menueditor_item_1cb7ed4740834737a8e6b8e4e37470f5_1621049416838405351.jpg"
"Pumpkin Custard (Cup)","","100","No Sticky Rice",""
"Sticky Rice With Custard","https://food-cms.grab.com/compressed_webp/items/THITE2020062218482917308/photo/menueditor_item_951c8639e142468ab578a4595010ec5c_1592851696916367960.webp","60","Sticky Rice With Custard","https://d1sag4ddilekf6.cloudfront.net/item/THITE2020062218482917308/photos/menueditor_item_951c8639e142468ab578a4595010ec5c_1592851696916367960.jpg"
"Pumpkin Custard (Small)","https://food-cms.grab.com/compressed_webp/items/THITE2020051509015606799/photo/menueditor_item_8ffadbf1c48146eea762ddc3a5b0769c_1589533312529124839.webp","80","Pumpkin Custard (S)","https://d1sag4ddilekf6.cloudfront.net/item/THITE2020051509015606799/photos/menueditor_item_8ffadbf1c48146eea762ddc3a5b0769c_1589533312529124839.jpg"
"Pumpkin Custard (Cubes)","https://food-cms.grab.com/compressed_webp/items/THITE2020050707045468887/photo/menueditor_item_2f45656c16984227a80c87b1ce2b926a_1588835040739068179.webp","349","Per Child You Can Choose Pumpkin Face Taro","https://d1sag4ddilekf6.cloudfront.net/item/THITE2020050707045468887/photos/menueditor_item_2f45656c16984227a80c87b1ce2b926a_1588835040739068179.jpg"
"Pumpkin Custard (Set)","https://food-cms.grab.com/compressed_webp/items/THITE2020050707034268355/photo/menueditor_item_cf1dba1154974f9b90fdddc3e92e2ff3_1588836849477211586.webp","389","Coconut Milk Sticky Rice","https://d1sag4ddilekf6.cloudfront.net/item/THITE2020050707034268355/photos/menueditor_item_cf1dba1154974f9b90fdddc3e92e2ff3_1588836849477211586.jpg"
"Taro Custard (Set)","https://food-cms.grab.com/compressed_webp/items/THITE2020050707024501800/photo/menueditor_item_dfb6ca6f695b4de5b591f1b25efceb5c_1588836877903866436.webp","289","Coconut Milk Sticky Rice","https://d1sag4ddilekf6.cloudfront.net/item/THITE2020050707024501800/photos/menueditor_item_dfb6ca6f695b4de5b591f1b25efceb5c_1588836877903866436.jpg"
"Japanese Potato In Syrup","https://food-cms.grab.com/compressed_webp/items/THITE2023012615575018588/photo/menueditor_item_cec304fac6184a309a50e0aa7d7c5cba_1674748634267147459.webp","65","250 - 300 G","https://d1sag4ddilekf6.cloudfront.net/item/THITE2023012615575018588/photos/menueditor_item_cec304fac6184a309a50e0aa7d7c5cba_1674748634267147459.jpg"
"Candied Pumpkin","https://food-cms.grab.com/compressed_webp/items/THITE2022100104190131813/photo/menueditor_item_33d314d9a938473995158f39a7b6d6d3_1664597916056739297.webp","65","300 G","https://d1sag4ddilekf6.cloudfront.net/item/THITE2022100104190131813/photos/menueditor_item_33d314d9a938473995158f39a7b6d6d3_1664597916056739297.jpg"
"Banana In Syrup","https://food-cms.grab.com/compressed_webp/items/THITE2020051906462251423/photo/menueditor_item_75b609d031d044eeb4bc8de27eeeb796_1589870738967256350.webp","65","300 G","https://d1sag4ddilekf6.cloudfront.net/item/THITE2020051906462251423/photos/menueditor_item_75b609d031d044eeb4bc8de27eeeb796_1589870738967256350.jpg"
"Cassava In Syrup","https://food-cms.grab.com/compressed_webp/items/THITE2020051906471324234/photo/menueditor_item_f35ba5a141154354a8cb5d8958aefc26_1589870808830866691.webp","65","300 G","https://d1sag4ddilekf6.cloudfront.net/item/THITE2020051906471324234/photos/menueditor_item_f35ba5a141154354a8cb5d8958aefc26_1589870808830866691.jpg"
"Taro In Syrup","https://food-cms.grab.com/compressed_webp/items/THITE2020042503413083605/photo/menueditor_item_d10023524e234e5d87ee59c714273e29_1587786063665032124.webp","119","300 Grams Per Set","https://d1sag4ddilekf6.cloudfront.net/item/THITE2020042503413083605/photos/menueditor_item_d10023524e234e5d87ee59c714273e29_1587786063665032124.jpg"
"Banana In Syrup","https://food-cms.grab.com/compressed_webp/items/THITE2020042503403530009/photo/menueditor_item_56eb500608134b90953dd74550ba8746_1587785979254970846.webp","65","5-6 Pieces Depending On The Size","https://d1sag4ddilekf6.cloudfront.net/item/THITE2020042503403530009/photos/menueditor_item_56eb500608134b90953dd74550ba8746_1587785979254970846.jpg"
"Aura Golden Dessert Set","https://food-cms.grab.com/compressed_webp/items/THITE2022091504395916107/photo/menueditor_item_30f8b294783e453cacdd45b31ddbf347_1663216954824631259.webp","145","Foi Thong Jackfruit Jackfruit Thong Yod","https://d1sag4ddilekf6.cloudfront.net/item/THITE2022091504395916107/photos/menueditor_item_30f8b294783e453cacdd45b31ddbf347_1663216954824631259.jpg"
"Mung Beans Golden Egg Yolk Drops (Choose Filling)","https://food-cms.grab.com/compressed_webp/items/THITE2020082118310965525/photo/menueditor_item_5946373b5a7b432ab41f592fe7995027_1652422221702721555.webp","60","8 Balls Per Set","https://d1sag4ddilekf6.cloudfront.net/item/THITE2020082118310965525/photos/menueditor_item_5946373b5a7b432ab41f592fe7995027_1652422221702721555.jpg"
"Golden Drop Egg","https://food-cms.grab.com/compressed_webp/items/THITE2022062408184431788/photo/menueditor_item_e2862bb1045e411bbf83d8530ef49b10_1656058633725253823.webp","65","200 Grams Per Box","https://d1sag4ddilekf6.cloudfront.net/item/THITE2022062408184431788/photos/menueditor_item_e2862bb1045e411bbf83d8530ef49b10_1656058633725253823.jpg"
"Golden Thread","https://food-cms.grab.com/compressed_webp/items/THITE2020101400482982336/photo/menueditor_item_45aff09dde5a431082d21f3aa5a6d6a6_1602636486549381433.webp","95","Weight 100 Grams","https://d1sag4ddilekf6.cloudfront.net/item/THITE2020101400482982336/photos/menueditor_item_45aff09dde5a431082d21f3aa5a6d6a6_1602636486549381433.jpg"
"Golden Drop Egg","https://food-cms.grab.com/compressed_webp/items/THITE2022091504320138267/photo/menueditor_item_133f73037a9449659cd41e4215f36f94_1663216974201923393.webp","119","11 Pieces","https://d1sag4ddilekf6.cloudfront.net/item/THITE2022091504320138267/photos/menueditor_item_133f73037a9449659cd41e4215f36f94_1663216974201923393.jpg"
"Mon Thong Durian Egg Yolk Drop 100%","https://food-cms.grab.com/compressed_webp/items/THITE2022051306135010745/photo/menueditor_item_aeba2d8b56974a9c9935261841a3076a_1652422386890469783.webp","95","Made From 100 % Real Durian Molded Into Jackfruit Seeds Coated With 8 Fresh Eggs","https://d1sag4ddilekf6.cloudfront.net/item/THITE2022051306135010745/photos/menueditor_item_aeba2d8b56974a9c9935261841a3076a_1652422386890469783.jpg"
"Green Beans Boiled With Sugar","https://food-cms.grab.com/compressed_webp/items/THITE2021060103510804235/photo/menueditor_item_1ef42fe8a8904b318a73d54fe302d149_1622519407954516514.webp","40","Helps Reduce Cholesterol Levels In Blood Help Lower Blood Pressure","https://d1sag4ddilekf6.cloudfront.net/item/THITE2021060103510804235/photos/menueditor_item_1ef42fe8a8904b318a73d54fe302d149_1622519407954516514.jpg"
"Pork Sago","https://food-cms.grab.com/compressed_webp/items/THITE2020061603363549522/photo/menueditor_item_d4950186cd2549ebbf0542c8046fb13b_1594143534225183664.webp","80","Steamed Sago Ball With Mince Pork","https://d1sag4ddilekf6.cloudfront.net/item/THITE2020061603363549522/photos/menueditor_item_d4950186cd2549ebbf0542c8046fb13b_1594143534225183664.jpg"
"Cantaloupe Sago With Fresh Milk","https://food-cms.grab.com/compressed_webp/items/THITE2020061412234716249/photo/menueditor_item_9c171d1f6b78472bacbeadad64b64ba2_1592142750453596115.webp","45","(Recommended To Eat In The Cold)","https://d1sag4ddilekf6.cloudfront.net/item/THITE2020061412234716249/photos/menueditor_item_9c171d1f6b78472bacbeadad64b64ba2_1592142750453596115.jpg"
"Fried Mochi Cake","https://food-cms.grab.com/compressed_webp/items/THITE2023090811221967464/photo/menueditor_item_0713a9f0ffae4946a7bbc9ab70e35bf0_1694172113625523606.webp","55","","https://d1sag4ddilekf6.cloudfront.net/item/THITE2023090811221967464/photos/menueditor_item_0713a9f0ffae4946a7bbc9ab70e35bf0_1694172113625523606.jpg"
"Smoked Candle Chinese Pastry","https://food-cms.grab.com/compressed_webp/items/THITE2021093006064477313/photo/menueditor_item_21fe9df34e7f4771bf1f6bfae9e1119e_1632981982896609433.webp","40","The Original Royal Recipe Of Nakhon Siam","https://d1sag4ddilekf6.cloudfront.net/item/THITE2021093006064477313/photos/menueditor_item_21fe9df34e7f4771bf1f6bfae9e1119e_1632981982896609433.jpeg"
"Healthy Fermented Rice In Banana Wrap","https://food-cms.grab.com/compressed_webp/items/THITE2020101118592315473/photo/menueditor_item_826c92b778c24705aa92677b21fd78d2_1602442721051238017.webp","25","Healthy Thai Sweet Fermented Rice Yeast (Kaomak Flour)","https://d1sag4ddilekf6.cloudfront.net/item/THITE2020101118592315473/photos/menueditor_item_826c92b778c24705aa92677b21fd78d2_1602442721051238017.jpg"
"Watermelon Smoothie","https://food-cms.grab.com/compressed_webp/items/THITE2023030306365832615/photo/menueditor_item_494c962036534748864ca015d4a38a02_1677825403601320922.webp","70","","https://d1sag4ddilekf6.cloudfront.net/item/THITE2023030306365832615/photos/menueditor_item_494c962036534748864ca015d4a38a02_1677825403601320922.jpg"
"Mango Smoothie","https://food-cms.grab.com/compressed_webp/items/THITE2023030306353217634/photo/menueditor_item_225fee3ae22248008ceee906e3921957_1677825327936290265.webp","80","Nam Dok Mai","https://d1sag4ddilekf6.cloudfront.net/item/THITE2023030306353217634/photos/menueditor_item_225fee3ae22248008ceee906e3921957_1677825327936290265.jpg"
"Coconut Milk Shake","https://food-cms.grab.com/compressed_webp/items/THITE2023030306344945117/photo/menueditor_item_38c362e96e794eaba54240fdf098e1ac_1677825276817577846.webp","80","","https://d1sag4ddilekf6.cloudfront.net/item/THITE2023030306344945117/photos/menueditor_item_38c362e96e794eaba54240fdf098e1ac_1677825276817577846.jpg"
"Butterfly Pea Honey Lemon Juice","https://food-cms.grab.com/compressed_webp/items/THITE2023030305523134221/photo/menueditor_item_a52447da778b46e4a27cb2aec7f57d3e_1677824890893990165.webp","40","","https://d1sag4ddilekf6.cloudfront.net/item/THITE2023030305523134221/photos/menueditor_item_a52447da778b46e4a27cb2aec7f57d3e_1677824890893990165.jpg"
"Jasmine Tea (Less Sweet)","https://food-cms.grab.com/compressed_webp/items/THITE2023030713093719894/photo/menueditor_item_b88446b0974846fda2d7f0e1b68b7d7c_1678194546365827763.webp","40","Iced Jasmine Tea","https://d1sag4ddilekf6.cloudfront.net/item/THITE2023030713093719894/photos/menueditor_item_b88446b0974846fda2d7f0e1b68b7d7c_1678194546365827763.jpg"
"Freshly Squeezed Orange Juice From Pu Muen Garden","https://food-cms.grab.com/compressed_webp/items/THITE2022030904281885230/photo/menueditor_item_aac361dd12a74bd2b6fd676ba707c948_1646800033024658251.webp","50","Freshly Squeezed Orange Juice","https://d1sag4ddilekf6.cloudfront.net/item/THITE2022030904281885230/photos/menueditor_item_aac361dd12a74bd2b6fd676ba707c948_1646800033024658251.jpeg"
"100% Coconut Juice","https://food-cms.grab.com/compressed_webp/items/THITE2020122605344757216/photo/menueditor_item_97c4d966357f4dcc99686a85df34cdaa_1691585195598413094.webp","50","Size 330 L ( Price Depends On The Season Of The Coconut )","https://d1sag4ddilekf6.cloudfront.net/item/THITE2020122605344757216/photos/menueditor_item_97c4d966357f4dcc99686a85df34cdaa_1691585195598413094.jpg"
"Giant Shrimp Pad Thai","https://food-cms.grab.com/compressed_webp/items/THITE2024030106271184504/photo/menueditor_item_636ab13717bb422c9a37b86c89d1286a_1709274363835066102.webp","219","","https://food-cms.grab.com/item/THITE2024030106271184504/photos/menueditor_item_636ab13717bb422c9a37b86c89d1286a_1709274363835066102.jpg"
"Pad Thai With Fresh Shrimp Wrapped With Egg","https://food-cms.grab.com/compressed_webp/items/THITE2024030106255152876/photo/menueditor_item_7cbae35f25cc4fdf834200fd050eb53b_1709274328970599253.webp","120","","https://food-cms.grab.com/item/THITE2024030106255152876/photos/menueditor_item_7cbae35f25cc4fdf834200fd050eb53b_1709274328970599253.jpg"
"Traditional Pad Thai","https://food-cms.grab.com/compressed_webp/items/THITE2024030106251034657/photo/menueditor_item_55c1b998b3a6432386801180315fc957_1709274274824945976.webp","80","","https://food-cms.grab.com/item/THITE2024030106251034657/photos/menueditor_item_55c1b998b3a6432386801180315fc957_1709274274824945976.jpg"
"Rice Noodles With Spicy Pork Curry Sauce","https://food-cms.grab.com/compressed_webp/items/THITE2022052703200583815/photo/menueditor_item_b07865596fbc4cf8b4ca937ecea3969e_1653621576356282221.webp","100","","https://d1sag4ddilekf6.cloudfront.net/item/THITE2022052703200583815/photos/menueditor_item_b07865596fbc4cf8b4ca937ecea3969e_1653621576356282221.jpg"
"Mackerel Chili Paste (Set)","https://food-cms.grab.com/compressed_webp/items/THITE2021042703481925809/photo/menueditor_item_183d48bf513147be9173c35bb438c0d0_1619495269605079508.webp","189","1 Mackerel Acacia Egg Vegetable Set","https://d1sag4ddilekf6.cloudfront.net/item/THITE2021042703481925809/photos/menueditor_item_183d48bf513147be9173c35bb438c0d0_1619495269605079508.jpg"
"Rice Noodles With Crab Curry Sauce","https://food-cms.grab.com/compressed_webp/items/THITE2021042005021537888/photo/menueditor_item_aac475840aae41fe9fda7da69f48f13f_1618894918581449416.webp","119","","https://d1sag4ddilekf6.cloudfront.net/item/THITE2021042005021537888/photos/menueditor_item_aac475840aae41fe9fda7da69f48f13f_1618894918581449416.jpg"
"Rice Mixed With Shrimp Paste Ginkgo","https://food-cms.grab.com/compressed_webp/items/THITE2020072904053032579/photo/menueditor_item_eafd1262cf0643b0b44ddaf4907d82ea_1595995467855797910.webp","119","Rice Mixed Shrimp Paste And Ginkgo Nuts","https://d1sag4ddilekf6.cloudfront.net/item/THITE2020072904053032579/photos/menueditor_item_eafd1262cf0643b0b44ddaf4907d82ea_1595995467855797910.jpg"
"Rice Noodles In Coconut Milk Curry","https://food-cms.grab.com/compressed_webp/items/THITE2020072304423979862/photo/menueditor_item_3ca1965467f841f8aed6d38623a86249_1595479460887767881.webp","89","Rice Noodles With Fish And Coconut Milk Curry Sauce","https://d1sag4ddilekf6.cloudfront.net/item/THITE2020072304423979862/photos/menueditor_item_3ca1965467f841f8aed6d38623a86249_1595479460887767881.jpg"
"Rice Noodles With Anchovy Fish Curry","https://food-cms.grab.com/compressed_webp/items/THITE2020072304421290386/photo/menueditor_item_e491ffe2a9634dc8bcee80a4095dfdc9_1595479314705851922.webp","89","Rice Noodles With Spicy Fish Curry Sauce","https://d1sag4ddilekf6.cloudfront.net/item/THITE2020072304421290386/photos/menueditor_item_e491ffe2a9634dc8bcee80a4095dfdc9_1595479314705851922.jpg"
"Rice Noodles With Green Curry Sauce","https://food-cms.grab.com/compressed_webp/items/THITE2020072304413149695/photo/menueditor_item_08063c1b1a964460a4622516843ad723_1595479266013024362.webp","89","Odles With Green Curry Sauce. * * Green Curry Set Without Vegetables","https://d1sag4ddilekf6.cloudfront.net/item/THITE2020072304413149695/photos/menueditor_item_08063c1b1a964460a4622516843ad723_1595479266013024362.jpg"
"Traditional Tom Yum Noodles","https://food-cms.grab.com/compressed_webp/items/THITE2024011412244171993/photo/menueditor_item_6e8f195a9961435880ed646a77cc5d6c_1705235069816258802.webp","65","","https://d1sag4ddilekf6.cloudfront.net/item/THITE2024011412244171993/photos/menueditor_item_6e8f195a9961435880ed646a77cc5d6c_1705235069816258802.jpg"
"Traditional Tom Yum Noodles","https://food-cms.grab.com/compressed_webp/items/THITE2024011412230788661/photo/menueditor_item_56eaf6ad4a014f55982cfcd0baf9d60d_1705234922027022785.webp","65","","https://d1sag4ddilekf6.cloudfront.net/item/THITE2024011412230788661/photos/menueditor_item_56eaf6ad4a014f55982cfcd0baf9d60d_1705234922027022785.jpg"
"Mango Sticky Rice Free Cold Longan Juice","https://food-cms.grab.com/compressed_webp/items/THITE2023022716362650217/photo/menueditor_item_16112d13d6f946f2a15b6240cb3390ca_1677516477780611722.webp","175","Grade A Nam Dok Mai Mango Plus 1 Glass Of Cold Longan Juice (Only Apple Only) Picture For Advertising Purposes","https://d1sag4ddilekf6.cloudfront.net/item/THITE2023022716362650217/photos/menueditor_item_16112d13d6f946f2a15b6240cb3390ca_1677516477780611722.jpg"
"Khao Lam In Coconut","https://food-cms.grab.com/compressed_webp/items/THITE2021011004085344042/photo/menueditor_item_1d5166dfb8fc4620b902a3966b9efa26_1610251706427728416.webp","89","Taro And Black Bean","https://d1sag4ddilekf6.cloudfront.net/item/THITE2021011004085344042/photos/menueditor_item_1d5166dfb8fc4620b902a3966b9efa26_1610251706427728416.jpg"
"1 Kilogram Of Dates","https://food-cms.grab.com/compressed_webp/items/THITE2022072103221344570/photo/menueditor_item_064eb298101a47c08073cd2ad5e62e17_1658373697390913081.webp","380","Fresh Dates From Ratchaburi Garden","https://d1sag4ddilekf6.cloudfront.net/item/THITE2022072103221344570/photos/menueditor_item_064eb298101a47c08073cd2ad5e62e17_1658373697390913081.jpg"
"Monthong Durian Special Selection Grade A","https://food-cms.grab.com/compressed_webp/items/THITE2020042611413686369/photo/menueditor_item_7faedd3472df4e2099bc4855cf50bb09_1587901245822931218.webp","829","500 Grams Only Weight What Kind Of Meat Do You Like To Eat","https://d1sag4ddilekf6.cloudfront.net/item/THITE2020042611413686369/photos/menueditor_item_7faedd3472df4e2099bc4855cf50bb09_1587901245822931218.jpg"
"Stirred Durian (1 Cup)","https://food-cms.grab.com/compressed_webp/items/THITE2022051111571688712/photo/menueditor_item_8f2e41a3bee24ca3a633309780f5b756_1652270203067871945.webp","89","100 G","https://d1sag4ddilekf6.cloudfront.net/item/THITE2022051111571688712/photos/menueditor_item_8f2e41a3bee24ca3a633309780f5b756_1652270203067871945.jpg"
"Fresh Longan From The Garden","https://food-cms.grab.com/compressed_webp/items/THITE2021072110074646016/photo/menueditor_item_ca697f35b62f430a954f30800d25168b_1626862101359945754.webp","180","Weight 1 Kg","https://d1sag4ddilekf6.cloudfront.net/item/THITE2021072110074646016/photos/menueditor_item_ca697f35b62f430a954f30800d25168b_1626862101359945754.jpeg"
"3 Pairs Of Sticky Rice Cake","https://food-cms.grab.com/compressed_webp/items/THITE2022080604362064587/photo/menueditor_item_7d426c24d6c24150bb12deae0667af47_1659760553109073019.webp","90","With Black Black Black","https://d1sag4ddilekf6.cloudfront.net/item/THITE2022080604362064587/photos/menueditor_item_7d426c24d6c24150bb12deae0667af47_1659760553109073019.jpg"
"Grandmas Recipe Black Sticky Rice Dumplings","https://food-cms.grab.com/compressed_webp/items/THITE2021081914085124296/photo/menueditor_item_473747e2c49944d48a50e450fd8978f9_1629440902098758655.webp","139","10 Pieces Sweet Fillings 5 Grains Salty","https://d1sag4ddilekf6.cloudfront.net/item/THITE2021081914085124296/photos/menueditor_item_473747e2c49944d48a50e450fd8978f9_1629440902098758655.jpeg"
"Young Coconut Sticky Rice Cake (3 Pairs)","https://food-cms.grab.com/compressed_webp/items/THITE2022080604351360347/photo/menueditor_item_0784eed197944dd2ad478b5a156a1d2c_1707200057889716082.webp","129","3 Pairs Young Coconut","https://d1sag4ddilekf6.cloudfront.net/item/THITE2022080604351360347/photos/menueditor_item_0784eed197944dd2ad478b5a156a1d2c_1707200057889716082.jpg"
